Connection Time,Account Name,Max Viewers,Total Diamonds,Disconnection Time
22/05/2025 17:26,Fancydance__,0,0,22/05/2025 17:26
2025-05-22T10:26:15.851Z,qwlsvae1846,3,0,
2025-05-22T10:26:18.857Z,totvirgo,13,0,
2025-05-22T10:26:22.675Z,astrovibesssssss,0,0,
2025-05-22T10:26:25.888Z,b.everest,10,0,
2025-05-22T10:26:30.112Z,goldenboyz_ofc,15,0,
2025-05-22T10:26:34.407Z,new_jeans91,77,1,
2025-05-22T10:26:37.843Z,lafeboys,268,60,
2025-05-22T10:26:40.745Z,vvibegirls,1,0,
2025-05-22T10:26:43.988Z,athena_dream,0,0,
2025-05-22T10:26:47.614Z,firedance.05,42,0,
22/05/2025 17:26,pinkpunk_001,0,0,22/05/2025 17:26
22/05/2025 17:26,novagirls27,0,0,22/05/2025 17:26
22/05/2025 17:26,cocoberrygirls,0,0,22/05/2025 17:26
22/05/2025 17:26,dreamboys,0,0,22/05/2025 17:26
22/05/2025 17:26,theaceteam.ofc,0,0,22/05/2025 17:26
22/05/2025 17:26,kravenboys,0,0,22/05/2025 17:26
22/05/2025 17:26,nova_deluna,0,0,22/05/2025 17:26
22/05/2025 17:26,fungirls_ofc,0,0,22/05/2025 17:26
22/05/2025 17:26,antemboys,0,0,22/05/2025 17:26
22/05/2025 17:27,glow_babies1,0,0,22/05/2025 17:27